CustomerKey,GeographyKey,CustomerAlternateKey,Title,FirstName,MiddleName,LastName,NameStyle,EmailAddress,Phone
1,1,AW00000001,,Chris,,Silva,0,user1@example.com,893-208-5030
2,2,AW00000002,Mr.,Jordan,C,Costa,0,user2@example.com,985-109-6690
3,3,AW00000003,Mr.,Jamie,B,Lima,0,user3@example.com,812-988-7993
4,4,AW00000004,,Jamie,C,Lima,0,user4@example.com,448-157-3587
5,5,AW00000005,,Morgan,,Lima,0,user5@example.com,292-108-8693
6,6,AW00000006,Ms.,Alex,D,Costa,0,user6@example.com,612-705-4116
7,7,AW00000007,Ms.,Drew,,Oliveira,0,user7@example.com,399-600-5309
8,8,AW00000008,,Drew,A,Oliveira,0,user8@example.com,705-835-6404
9,9,AW00000009,,Jordan,,Silva,0,user9@example.com,119-236-1843
10,10,AW00000010,Ms.,Drew,,Carvalho,0,user10@example.com,242-644-1381
11,11,AW00000011,Ms.,Sam,B,Souza,0,user11@example.com,640-447-5466
12,12,AW00000012,,Jamie,D,Carvalho,0,user12@example.com,551-534-7267
13,13,AW00000013,,Chris,C,Souza,0,user13@example.com,424-290-1941
14,14,AW00000014,Ms.,Sam,A,Souza,0,user14@example.com,217-784-6346
15,15,AW00000015,,Morgan,A,Costa,0,user15@example.com,405-587-7638
16,16,AW00000016,Mr.,Drew,B,Carvalho,0,user16@example.com,917-778-8577
17,17,AW00000017,Ms.,Alex,C,Pereira,0,user17@example.com,308-519-7454
18,18,AW00000018,Mr.,Taylor,C,Lima,0,user18@example.com,736-299-5255
19,19,AW00000019,Mr.,Alex,A,Costa,0,user19@example.com,961-229-6396
20,20,AW00000020,,Morgan,A,Costa,0,user20@example.com,905-885-5525
21,21,AW00000021,Mr.,Jamie,B,Silva,0,user21@example.com,874-558-4956
22,22,AW00000022,Ms.,Taylor,B,Costa,0,user22@example.com,747-587-2330
23,23,AW00000023,Ms.,Sam,A,Pereira,0,user23@example.com,873-656-1167
24,24,AW00000024,,Drew,A,Silva,0,user24@example.com,315-855-7596
25,25,AW00000025,Mr.,Sam,,Pereira,0,user25@example.com,863-835-5683
