ProductKey,ProductAlternateKey,ProductName,ModelName,SubcategoryName,CategoryName,ProductSubcategoryKey,ProductCategoryKey
1,AR-5381,Adjustable Race,null,null,null,null,null
2,BA-8327,Bearing Ball,null,null,null,null,null
3,BE-2349,BB Ball Bearing,null,null,null,null,null
4,BE-2908,Headset Ball Bearings,null,null,null,null,null
316,BL-2036,Blade,null,null,null,null,null
317,CA-5965,LL Crankarm,null,null,null,null,null
318,CA-6738,ML Crankarm,null,null,null,null,null
319,CA-7457,HL Crankarm,null,null,null,null,null
320,CB-2903,Chainring Bolts,null,null,null,null,null
321,CN-6137,Chainring Nut,null,null,null,null,null
322,CR-7833,Chainring,null,null,null,null,null
323,CR-9981,Crown Race,null,null,null,null,null
324,CS-2812,Chain Stays,null,null,null,null,null
325,DC-8732,Decal 1,null,null,null,null,null
326,DC-9824,Decal 2,null,null,null,null,null
327,DT-2377,Down Tube,null,null,null,null,null
328,EC-M092,Mountain End Caps,null,null,null,null,null
329,EC-R098,Road End Caps,null,null,null,null,null
330,EC-T209,Touring End Caps,null,null,null,null,null
331,FE-3760,Fork End,null,null,null,null,null
332,FH-2981,Freewheel,null,null,null,null,null
341,FW-1000,Flat Washer 1,null,null,null,null,null
342,FW-1200,Flat Washer 6,null,null,null,null,null
343,FW-1400,Flat Washer 2,null,null,null,null,null
344,FW-3400,Flat Washer 9,null,null,null,null,null
345,FW-3800,Flat Washer 4,null,null,null,null,null
346,FW-5160,Flat Washer 3,null,null,null,null,null
347,FW-5800,Flat Washer 8,null,null,null,null,null
348,FW-7160,Flat Washer 5,null,null,null,null,null
349,FW-9160,Flat Washer 7,null,null,null,null,null
350,FC-3654,Fork Crown,null,null,null,null,null
351,FC-3982,Front Derailleur Cage,null,null,null,null,null
352,FL-2301,Front Derailleur Linkage,null,null,null,null,null
355,GP-0982,Guide Pulley,null,null,null,null,null
356,GT-0820,LL Grip Tape,null,null,null,null,null
357,GT-1209,ML Grip Tape,null,null,null,null,null
358,GT-2908,HL Grip Tape,null,null,null,null,null
359,HJ-1213,Thin-Jam Hex Nut 9,null,null,null,null,null
360,HJ-1220,Thin-Jam Hex Nut 10,null,null,null,null,null
361,HJ-1420,Thin-Jam Hex Nut 1,null,null,null,null,null
362,HJ-1428,Thin-Jam Hex Nut 2,null,null,null,null,null
363,HJ-3410,Thin-Jam Hex Nut 15,null,null,null,null,null
364,HJ-3416,Thin-Jam Hex Nut 16,null,null,null,null,null
365,HJ-3816,Thin-Jam Hex Nut 5,null,null,null,null,null
366,HJ-3824,Thin-Jam Hex Nut 6,null,null,null,null,null
367,HJ-5161,Thin-Jam Hex Nut 3,null,null,null,null,null
368,HJ-5162,Thin-Jam Hex Nut 4,null,null,null,null,null
369,HJ-5811,Thin-Jam Hex Nut 13,null,null,null,null,null
370,HJ-5818,Thin-Jam Hex Nut 14,null,null,null,null,null
371,HJ-7161,Thin-Jam Hex Nut 7,null,null,null,null,null
372,HJ-7162,Thin-Jam Hex Nut 8,null,null,null,null,null
373,HJ-9080,Thin-Jam Hex Nut 12,null,null,null,null,null
374,HJ-9161,Thin-Jam Hex Nut 11,null,null,null,null,null
375,HN-1024,Hex Nut 5,null,null,null,null,null
376,HN-1032,Hex Nut 6,null,null,null,null,null
377,HN-1213,Hex Nut 16,null,null,null,null,null
378,HN-1220,Hex Nut 17,null,null,null,null,null
379,HN-1224,Hex Nut 7,null,null,null,null,null
380,HN-1420,Hex Nut 8,null,null,null,null,null
381,HN-1428,Hex Nut 9,null,null,null,null,null
382,HN-3410,Hex Nut 22,null,null,null,null,null
383,HN-3416,Hex Nut 23,null,null,null,null,null
384,HN-3816,Hex Nut 12,null,null,null,null,null
385,HN-3824,Hex Nut 13,null,null,null,null,null
386,HN-4402,Hex Nut 1,null,null,null,null,null
387,HN-5161,Hex Nut 10,null,null,null,null,null
388,HN-5162,Hex Nut 11,null,null,null,null,null
389,HN-5400,Hex Nut 2,null,null,null,null,null
390,HN-5811,Hex Nut 20,null,null,null,null,null
391,HN-5818,Hex Nut 21,null,null,null,null,null
392,HN-6320,Hex Nut 3,null,null,null,null,null
393,HN-7161,Hex Nut 14,null,null,null,null,null
394,HN-7162,Hex Nut 15,null,null,null,null,null
395,HN-8320,Hex Nut 4,null,null,null,null,null
396,HN-9161,Hex Nut 18,null,null,null,null,null
397,HN-9168,Hex Nut 19,null,null,null,null,null
398,HT-2981,Handlebar Tube,null,null,null,null,null
399,HT-8019,Head Tube,null,null,null,null,null
400,HU-6280,LL Hub,null,null,null,null,null
401,HU-8998,HL Hub,null,null,null,null,null
402,KW-4091,Keyed Washer,null,null,null,null,null
403,LE-1000,External Lock Washer 3,null,null,null,null,null
404,LE-1200,External Lock Washer 4,null,null,null,null,null
405,LE-1201,External Lock Washer 9,null,null,null,null,null
406,LE-1400,External Lock Washer 5,null,null,null,null,null
407,LE-3800,External Lock Washer 7,null,null,null,null,null
408,LE-5160,External Lock Washer 6,null,null,null,null,null
409,LE-6000,External Lock Washer 1,null,null,null,null,null
410,LE-7160,External Lock Washer 8,null,null,null,null,null
411,LE-8000,External Lock Washer 2,null,null,null,null,null
412,LI-1000,Internal Lock Washer 3,null,null,null,null,null
413,LI-1200,Internal Lock Washer 4,null,null,null,null,null
414,LI-1201,Internal Lock Washer 9,null,null,null,null,null
415,LI-1400,Internal Lock Washer 5,null,null,null,null,null
416,LI-3800,Internal Lock Washer 7,null,null,null,null,null
417,LI-5160,Internal Lock Washer 6,null,null,null,null,null
418,LI-5800,Internal Lock Washer 10,null,null,null,null,null
419,LI-6000,Internal Lock Washer 1,null,null,null,null,null
420,LI-7160,Internal Lock Washer 8,null,null,null,null,null
421,LI-8000,Internal Lock Washer 2,null,null,null,null,null
422,LJ-1213,Thin-Jam Lock Nut 9,null,null,null,null,null
423,LJ-1220,Thin-Jam Lock Nut 10,null,null,null,null,null
424,LJ-1420,Thin-Jam Lock Nut 1,null,null,null,null,null
425,LJ-1428,Thin-Jam Lock Nut 2,null,null,null,null,null
426,LJ-3410,Thin-Jam Lock Nut 15,null,null,null,null,null
427,LJ-3416,Thin-Jam Lock Nut 16,null,null,null,null,null
428,LJ-3816,Thin-Jam Lock Nut 5,null,null,null,null,null
429,LJ-3824,Thin-Jam Lock Nut 6,null,null,null,null,null
430,LJ-5161,Thin-Jam Lock Nut 3,null,null,null,null,null
431,LJ-5162,Thin-Jam Lock Nut 4,null,null,null,null,null
432,LJ-5811,Thin-Jam Lock Nut 13,null,null,null,null,null
433,LJ-5818,Thin-Jam Lock Nut 14,null,null,null,null,null
434,LJ-7161,Thin-Jam Lock Nut 7,null,null,null,null,null
435,LJ-7162,Thin-Jam Lock Nut 8,null,null,null,null,null
436,LJ-9080,Thin-Jam Lock Nut 12,null,null,null,null,null
437,LJ-9161,Thin-Jam Lock Nut 11,null,null,null,null,null
438,LN-1024,Lock Nut 5,null,null,null,null,null
439,LN-1032,Lock Nut 6,null,null,null,null,null
440,LN-1213,Lock Nut 16,null,null,null,null,null
441,LN-1220,Lock Nut 17,null,null,null,null,null
442,LN-1224,Lock Nut 7,null,null,null,null,null
443,LN-1420,Lock Nut 8,null,null,null,null,null
444,LN-1428,Lock Nut 9,null,null,null,null,null
445,LN-3410,Lock Nut 22,null,null,null,null,null
446,LN-3416,Lock Nut 23,null,null,null,null,null
447,LN-3816,Lock Nut 12,null,null,null,null,null
448,LN-3824,Lock Nut 13,null,null,null,null,null
449,LN-4400,Lock Nut 1,null,null,null,null,null
450,LN-5161,Lock Nut 10,null,null,null,null,null
451,LN-5162,Lock Nut 11,null,null,null,null,null
452,LN-5400,Lock Nut 2,null,null,null,null,null
453,LN-5811,Lock Nut 20,null,null,null,null,null
454,LN-5818,Lock Nut 21,null,null,null,null,null
455,LN-6320,Lock Nut 3,null,null,null,null,null
456,LN-7161,Lock Nut 14,null,null,null,null,null
457,LN-7162,Lock Nut 15,null,null,null,null,null
458,LN-8320,Lock Nut 4,null,null,null,null,null
459,LN-9080,Lock Nut 19,null,null,null,null,null
460,LN-9161,Lock Nut 18,null,null,null,null,null
461,LR-2398,Lock Ring,null,null,null,null,null
462,LR-8520,Lower Head Race,null,null,null,null,null
463,LW-1000,Lock Washer 4,null,null,null,null,null
464,LW-1200,Lock Washer 5,null,null,null,null,null
465,LW-1201,Lock Washer 10,null,null,null,null,null
466,LW-1400,Lock Washer 6,null,null,null,null,null
467,LW-3400,Lock Washer 13,null,null,null,null,null
468,LW-3800,Lock Washer 8,null,null,null,null,null
469,LW-4000,Lock Washer 1,null,null,null,null,null
470,LW-5160,Lock Washer 7,null,null,null,null,null
471,LW-5800,Lock Washer 12,null,null,null,null,null
472,LW-6000,Lock Washer 2,null,null,null,null,null
473,LW-7160,Lock Washer 9,null,null,null,null,null
474,LW-8000,Lock Washer 3,null,null,null,null,null
475,LW-9160,Lock Washer 11,null,null,null,null,null
476,MA-7075,Metal Angle,null,null,null,null,null
477,MB-2024,Metal Bar 1,null,null,null,null,null
478,MB-6061,Metal Bar 2,null,null,null,null,null
479,MP-2066,Metal Plate 2,null,null,null,null,null
480,MP-2503,Metal Plate 1,null,null,null,null,null
481,MP-4960,Metal Plate 3,null,null,null,null,null
482,MS-0253,Metal Sheet 2,null,null,null,null,null
483,MS-1256,Metal Sheet 3,null,null,null,null,null
484,MS-1981,Metal Sheet 7,null,null,null,null,null
485,MS-2259,Metal Sheet 4,null,null,null,null,null
486,MS-2341,Metal Sheet 5,null,null,null,null,null
487,MS-2348,Metal Sheet 6,null,null,null,null,null
488,MS-6061,Metal Sheet 1,null,null,null,null,null
489,MT-1000,Metal Tread Plate,null,null,null,null,null
490,NI-4127,LL Nipple,null,null,null,null,null
491,NI-9522,HL Nipple,null,null,null,null,null
492,PA-187B,Paint - Black,null,null,null,null,null
493,PA-361R,Paint - Red,null,null,null,null,null
494,PA-529S,Paint - Silver,null,null,null,null,null
495,PA-632U,Paint - Blue,null,null,null,null,null
496,PA-823Y,Paint - Yellow,null,null,null,null,null
497,PB-6109,Pinch Bolt,null,null,null,null,null
504,RA-2345,Cup-Shaped Race,null,null,null,null,null
505,RA-7490,Cone-Shaped Race,null,null,null,null,null
506,RF-9198,Reflector,null,null,null,null,null
507,RM-M464,LL Mountain Rim,null,null,null,null,null
508,RM-M692,ML Mountain Rim,null,null,null,null,null
509,RM-M823,HL Mountain Rim,null,null,null,null,null
510,RM-R436,LL Road Rim,null,null,null,null,null
511,RM-R600,ML Road Rim,null,null,null,null,null
512,RM-R800,HL Road Rim,null,null,null,null,null
513,RM-T801,Touring Rim,null,null,null,null,null
514,SA-M198,LL Mountain Seat Assembly,null,null,null,null,null
515,SA-M237,ML Mountain Seat Assembly,null,null,null,null,null
516,SA-M687,HL Mountain Seat Assembly,null,null,null,null,null
517,SA-R127,LL Road Seat Assembly,null,null,null,null,null
518,SA-R430,ML Road Seat Assembly,null,null,null,null,null
519,SA-R522,HL Road Seat Assembly,null,null,null,null,null
520,SA-T467,LL Touring Seat Assembly,null,null,null,null,null
521,SA-T612,ML Touring Seat Assembly,null,null,null,null,null
522,SA-T872,HL Touring Seat Assembly,null,null,null,null,null
523,SD-2342,LL Spindle/Axle,null,null,null,null,null
524,SD-9872,HL Spindle/Axle,null,null,null,null,null
525,SH-4562,LL Shell,null,null,null,null,null
526,SH-9312,HL Shell,null,null,null,null,null
527,SK-9283,Spokes,null,null,null,null,null
528,SL-0931,Seat Lug,null,null,null,null,null
529,SM-9087,Stem,null,null,null,null,null
530,SP-2981,Seat Post,null,null,null,null,null
531,SR-2098,Steerer,null,null,null,null,null
532,SS-2985,Seat Stays,null,null,null,null,null
533,ST-9828,Seat Tube,null,null,null,null,null
534,TO-2301,Top Tube,null,null,null,null,null
535,TP-0923,Tension Pulley,null,null,null,null,null
679,RC-0291,Rear Derailleur Cage,null,null,null,null,null
680,FR-R92B-58,"HL Road Frame - Black, 58",HL Road Frame,Road Frames,Components,14,2
706,FR-R92R-58,"HL Road Frame - Red, 58",HL Road Frame,Road Frames,Components,14,2
707,HL-U509-R,"Sport-100 Helmet, Red",Sport-100,Helmets,Accessories,31,4
708,HL-U509,"Sport-100 Helmet, Black",Sport-100,Helmets,Accessories,31,4
709,SO-B909-M,"Mountain Bike Socks, M",Mountain Bike Socks,Socks,Clothing,23,3
710,SO-B909-L,"Mountain Bike Socks, L",Mountain Bike Socks,Socks,Clothing,23,3
711,HL-U509-B,"Sport-100 Helmet, Blue",Sport-100,Helmets,Accessories,31,4
712,CA-1098,AWC Logo Cap,Cycling Cap,Caps,Clothing,19,3
713,LJ-0192-S,"Long-Sleeve Logo Jersey, S",Long-Sleeve Logo Jersey,Jerseys,Clothing,21,3
714,LJ-0192-M,"Long-Sleeve Logo Jersey, M",Long-Sleeve Logo Jersey,Jerseys,Clothing,21,3
715,LJ-0192-L,"Long-Sleeve Logo Jersey, L",Long-Sleeve Logo Jersey,Jerseys,Clothing,21,3
716,LJ-0192-X,"Long-Sleeve Logo Jersey, XL",Long-Sleeve Logo Jersey,Jerseys,Clothing,21,3
717,FR-R92R-62,"HL Road Frame - Red, 62",HL Road Frame,Road Frames,Components,14,2
718,FR-R92R-44,"HL Road Frame - Red, 44",HL Road Frame,Road Frames,Components,14,2
719,FR-R92R-48,"HL Road Frame - Red, 48",HL Road Frame,Road Frames,Components,14,2
720,FR-R92R-52,"HL Road Frame - Red, 52",HL Road Frame,Road Frames,Components,14,2
721,FR-R92R-56,"HL Road Frame - Red, 56",HL Road Frame,Road Frames,Components,14,2
722,FR-R38B-58,"LL Road Frame - Black, 58",LL Road Frame,Road Frames,Components,14,2
723,FR-R38B-60,"LL Road Frame - Black, 60",LL Road Frame,Road Frames,Components,14,2
724,FR-R38B-62,"LL Road Frame - Black, 62",LL Road Frame,Road Frames,Components,14,2
725,FR-R38R-44,"LL Road Frame - Red, 44",LL Road Frame,Road Frames,Components,14,2
726,FR-R38R-48,"LL Road Frame - Red, 48",LL Road Frame,Road Frames,Components,14,2
727,FR-R38R-52,"LL Road Frame - Red, 52",LL Road Frame,Road Frames,Components,14,2
728,FR-R38R-58,"LL Road Frame - Red, 58",LL Road Frame,Road Frames,Components,14,2
729,FR-R38R-60,"LL Road Frame - Red, 60",LL Road Frame,Road Frames,Components,14,2
730,FR-R38R-62,"LL Road Frame - Red, 62",LL Road Frame,Road Frames,Components,14,2
731,FR-R72R-44,"ML Road Frame - Red, 44",ML Road Frame,Road Frames,Components,14,2
732,FR-R72R-48,"ML Road Frame - Red, 48",ML Road Frame,Road Frames,Components,14,2
733,FR-R72R-52,"ML Road Frame - Red, 52",ML Road Frame,Road Frames,Components,14,2
734,FR-R72R-58,"ML Road Frame - Red, 58",ML Road Frame,Road Frames,Components,14,2
735,FR-R72R-60,"ML Road Frame - Red, 60",ML Road Frame,Road Frames,Components,14,2
736,FR-R38B-44,"LL Road Frame - Black, 44",LL Road Frame,Road Frames,Components,14,2
737,FR-R38B-48,"LL Road Frame - Black, 48",LL Road Frame,Road Frames,Components,14,2
738,FR-R38B-52,"LL Road Frame - Black, 52",LL Road Frame,Road Frames,Components,14,2
739,FR-M94S-42,"HL Mountain Frame - Silver, 42",HL Mountain Frame,Mountain Frames,Components,12,2
740,FR-M94S-44,"HL Mountain Frame - Silver, 44",HL Mountain Frame,Mountain Frames,Components,12,2
741,FR-M94S-52,"HL Mountain Frame - Silver, 48",HL Mountain Frame,Mountain Frames,Components,12,2
742,FR-M94S-46,"HL Mountain Frame - Silver, 46",HL Mountain Frame,Mountain Frames,Components,12,2
743,FR-M94B-42,"HL Mountain Frame - Black, 42",HL Mountain Frame,Mountain Frames,Components,12,2
744,FR-M94B-44,"HL Mountain Frame - Black, 44",HL Mountain Frame,Mountain Frames,Components,12,2
745,FR-M94B-48,"HL Mountain Frame - Black, 48",HL Mountain Frame,Mountain Frames,Components,12,2
746,FR-M94B-46,"HL Mountain Frame - Black, 46",HL Mountain Frame,Mountain Frames,Components,12,2
747,FR-M94B-38,"HL Mountain Frame - Black, 38",HL Mountain Frame,Mountain Frames,Components,12,2
748,FR-M94S-38,"HL Mountain Frame - Silver, 38",HL Mountain Frame,Mountain Frames,Components,12,2
749,BK-R93R-62,"Road-150 Red, 62",Road-150,Road Bikes,Bikes,2,1
750,BK-R93R-44,"Road-150 Red, 44",Road-150,Road Bikes,Bikes,2,1
751,BK-R93R-48,"Road-150 Red, 48",Road-150,Road Bikes,Bikes,2,1
752,BK-R93R-52,"Road-150 Red, 52",Road-150,Road Bikes,Bikes,2,1
753,BK-R93R-56,"Road-150 Red, 56",Road-150,Road Bikes,Bikes,2,1
754,BK-R68R-58,"Road-450 Red, 58",Road-450,Road Bikes,Bikes,2,1
755,BK-R68R-60,"Road-450 Red, 60",Road-450,Road Bikes,Bikes,2,1
756,BK-R68R-44,"Road-450 Red, 44",Road-450,Road Bikes,Bikes,2,1
757,BK-R68R-48,"Road-450 Red, 48",Road-450,Road Bikes,Bikes,2,1
758,BK-R68R-52,"Road-450 Red, 52",Road-450,Road Bikes,Bikes,2,1
759,BK-R50R-58,"Road-650 Red, 58",Road-650,Road Bikes,Bikes,2,1
760,BK-R50R-60,"Road-650 Red, 60",Road-650,Road Bikes,Bikes,2,1
761,BK-R50R-62,"Road-650 Red, 62",Road-650,Road Bikes,Bikes,2,1
762,BK-R50R-44,"Road-650 Red, 44",Road-650,Road Bikes,Bikes,2,1
763,BK-R50R-48,"Road-650 Red, 48",Road-650,Road Bikes,Bikes,2,1
764,BK-R50R-52,"Road-650 Red, 52",Road-650,Road Bikes,Bikes,2,1
765,BK-R50B-58,"Road-650 Black, 58",Road-650,Road Bikes,Bikes,2,1
766,BK-R50B-60,"Road-650 Black, 60",Road-650,Road Bikes,Bikes,2,1
767,BK-R50B-62,"Road-650 Black, 62",Road-650,Road Bikes,Bikes,2,1
768,BK-R50B-44,"Road-650 Black, 44",Road-650,Road Bikes,Bikes,2,1
769,BK-R50B-48,"Road-650 Black, 48",Road-650,Road Bikes,Bikes,2,1
770,BK-R50B-52,"Road-650 Black, 52",Road-650,Road Bikes,Bikes,2,1
771,BK-M82S-38,"Mountain-100 Silver, 38",Mountain-100,Mountain Bikes,Bikes,1,1
772,BK-M82S-42,"Mountain-100 Silver, 42",Mountain-100,Mountain Bikes,Bikes,1,1
773,BK-M82S-44,"Mountain-100 Silver, 44",Mountain-100,Mountain Bikes,Bikes,1,1
774,BK-M82S-48,"Mountain-100 Silver, 48",Mountain-100,Mountain Bikes,Bikes,1,1
775,BK-M82B-38,"Mountain-100 Black, 38",Mountain-100,Mountain Bikes,Bikes,1,1
776,BK-M82B-42,"Mountain-100 Black, 42",Mountain-100,Mountain Bikes,Bikes,1,1
777,BK-M82B-44,"Mountain-100 Black, 44",Mountain-100,Mountain Bikes,Bikes,1,1
778,BK-M82B-48,"Mountain-100 Black, 48",Mountain-100,Mountain Bikes,Bikes,1,1
779,BK-M68S-38,"Mountain-200 Silver, 38",Mountain-200,Mountain Bikes,Bikes,1,1
780,BK-M68S-42,"Mountain-200 Silver, 42",Mountain-200,Mountain Bikes,Bikes,1,1
781,BK-M68S-46,"Mountain-200 Silver, 46",Mountain-200,Mountain Bikes,Bikes,1,1
782,BK-M68B-38,"Mountain-200 Black, 38",Mountain-200,Mountain Bikes,Bikes,1,1
783,BK-M68B-42,"Mountain-200 Black, 42",Mountain-200,Mountain Bikes,Bikes,1,1
784,BK-M68B-46,"Mountain-200 Black, 46",Mountain-200,Mountain Bikes,Bikes,1,1
785,BK-M47B-38,"Mountain-300 Black, 38",Mountain-300,Mountain Bikes,Bikes,1,1
786,BK-M47B-40,"Mountain-300 Black, 40",Mountain-300,Mountain Bikes,Bikes,1,1
787,BK-M47B-44,"Mountain-300 Black, 44",Mountain-300,Mountain Bikes,Bikes,1,1
788,BK-M47B-48,"Mountain-300 Black, 48",Mountain-300,Mountain Bikes,Bikes,1,1
789,BK-R89R-44,"Road-250 Red, 44",Road-250,Road Bikes,Bikes,2,1
790,BK-R89R-48,"Road-250 Red, 48",Road-250,Road Bikes,Bikes,2,1
791,BK-R89R-52,"Road-250 Red, 52",Road-250,Road Bikes,Bikes,2,1
792,BK-R89R-58,"Road-250 Red, 58",Road-250,Road Bikes,Bikes,2,1
793,BK-R89B-44,"Road-250 Black, 44",Road-250,Road Bikes,Bikes,2,1
794,BK-R89B-48,"Road-250 Black, 48",Road-250,Road Bikes,Bikes,2,1
795,BK-R89B-52,"Road-250 Black, 52",Road-250,Road Bikes,Bikes,2,1
796,BK-R89B-58,"Road-250 Black, 58",Road-250,Road Bikes,Bikes,2,1
797,BK-R64Y-38,"Road-550-W Yellow, 38",Road-550-W,Road Bikes,Bikes,2,1
798,BK-R64Y-40,"Road-550-W Yellow, 40",Road-550-W,Road Bikes,Bikes,2,1
799,BK-R64Y-42,"Road-550-W Yellow, 42",Road-550-W,Road Bikes,Bikes,2,1
800,BK-R64Y-44,"Road-550-W Yellow, 44",Road-550-W,Road Bikes,Bikes,2,1
801,BK-R64Y-48,"Road-550-W Yellow, 48",Road-550-W,Road Bikes,Bikes,2,1
802,FK-1639,LL Fork,LL Fork,Forks,Components,10,2
803,FK-5136,ML Fork,ML Fork,Forks,Components,10,2
804,FK-9939,HL Fork,HL Fork,Forks,Components,10,2
805,HS-0296,LL Headset,LL Headset,Headsets,Components,11,2
806,HS-2451,ML Headset,ML Headset,Headsets,Components,11,2
807,HS-3479,HL Headset,HL Headset,Headsets,Components,11,2
808,HB-M243,LL Mountain Handlebars,LL Mountain Handlebars,Handlebars,Components,4,2
809,HB-M763,ML Mountain Handlebars,ML Mountain Handlebars,Handlebars,Components,4,2
810,HB-M918,HL Mountain Handlebars,HL Mountain Handlebars,Handlebars,Components,4,2
811,HB-R504,LL Road Handlebars,LL Road Handlebars,Handlebars,Components,4,2
812,HB-R720,ML Road Handlebars,ML Road Handlebars,Handlebars,Components,4,2
813,HB-R956,HL Road Handlebars,HL Road Handlebars,Handlebars,Components,4,2
814,FR-M63B-38,"ML Mountain Frame - Black, 38",ML Mountain Frame-W,Mountain Frames,Components,12,2
815,FW-M423,LL Mountain Front Wheel,LL Mountain Front Wheel,Wheels,Components,17,2
816,FW-M762,ML Mountain Front Wheel,ML Mountain Front Wheel,Wheels,Components,17,2
817,FW-M928,HL Mountain Front Wheel,HL Mountain Front Wheel,Wheels,Components,17,2
818,FW-R623,LL Road Front Wheel,LL Road Front Wheel,Wheels,Components,17,2
819,FW-R762,ML Road Front Wheel,ML Road Front Wheel,Wheels,Components,17,2
820,FW-R820,HL Road Front Wheel,HL Road Front Wheel,Wheels,Components,17,2
821,FW-T905,Touring Front Wheel,Touring Front Wheel,Wheels,Components,17,2
822,FR-R72Y-38,"ML Road Frame-W - Yellow, 38",ML Road Frame-W,Road Frames,Components,14,2
823,RW-M423,LL Mountain Rear Wheel,LL Mountain Rear Wheel,Wheels,Components,17,2
824,RW-M762,ML Mountain Rear Wheel,ML Mountain Rear Wheel,Wheels,Components,17,2
825,RW-M928,HL Mountain Rear Wheel,HL Mountain Rear Wheel,Wheels,Components,17,2
826,RW-R623,LL Road Rear Wheel,LL Road Rear Wheel,Wheels,Components,17,2
827,RW-R762,ML Road Rear Wheel,ML Road Rear Wheel,Wheels,Components,17,2
828,RW-R820,HL Road Rear Wheel,HL Road Rear Wheel,Wheels,Components,17,2
829,RW-T905,Touring Rear Wheel,Touring Rear Wheel,Wheels,Components,17,2
830,FR-M63B-40,"ML Mountain Frame - Black, 40",ML Mountain Frame,Mountain Frames,Components,12,2
831,FR-M63B-44,"ML Mountain Frame - Black, 44",ML Mountain Frame,Mountain Frames,Components,12,2
832,FR-M63B-48,"ML Mountain Frame - Black, 48",ML Mountain Frame,Mountain Frames,Components,12,2
833,FR-R72Y-40,"ML Road Frame-W - Yellow, 40",ML Road Frame-W,Road Frames,Components,14,2
834,FR-R72Y-42,"ML Road Frame-W - Yellow, 42",ML Road Frame-W,Road Frames,Components,14,2
835,FR-R72Y-44,"ML Road Frame-W - Yellow, 44",ML Road Frame-W,Road Frames,Components,14,2
836,FR-R72Y-48,"ML Road Frame-W - Yellow, 48",ML Road Frame-W,Road Frames,Components,14,2
837,FR-R92B-62,"HL Road Frame - Black, 62",HL Road Frame,Road Frames,Components,14,2
838,FR-R92B-44,"HL Road Frame - Black, 44",HL Road Frame,Road Frames,Components,14,2
839,FR-R92B-48,"HL Road Frame - Black, 48",HL Road Frame,Road Frames,Components,14,2
840,FR-R92B-52,"HL Road Frame - Black, 52",HL Road Frame,Road Frames,Components,14,2
841,SH-M897-S,"Men's Sports Shorts, S",Men's Sports Shorts,Shorts,Clothing,22,3
842,PA-T100,"Touring-Panniers, Large",Touring-Panniers,Panniers,Accessories,35,4
843,LO-C100,Cable Lock,Cable Lock,Locks,Accessories,34,4
844,PU-0452,Minipump,Minipump,Pumps,Accessories,36,4
845,PU-M044,Mountain Pump,Mountain Pump,Pumps,Accessories,36,4
846,LT-T990,Taillights - Battery-Powered,Taillight,Lights,Accessories,33,4
847,LT-H902,Headlights - Dual-Beam,Headlights - Dual-Beam,Lights,Accessories,33,4
848,LT-H903,Headlights - Weatherproof,Headlights - Weatherproof,Lights,Accessories,33,4
849,SH-M897-M,"Men's Sports Shorts, M",Men's Sports Shorts,Shorts,Clothing,22,3
850,SH-M897-L,"Men's Sports Shorts, L",Men's Sports Shorts,Shorts,Clothing,22,3
851,SH-M897-X,"Men's Sports Shorts, XL",Men's Sports Shorts,Shorts,Clothing,22,3
852,TG-W091-S,"Women's Tights, S",Women's Tights,Tights,Clothing,24,3
853,TG-W091-M,"Women's Tights, M",Women's Tights,Tights,Clothing,24,3
854,TG-W091-L,"Women's Tights, L",Women's Tights,Tights,Clothing,24,3
855,SB-M891-S,"Men's Bib-Shorts, S",Men's Bib-Shorts,Bib-Shorts,Clothing,18,3
856,SB-M891-M,"Men's Bib-Shorts, M",Men's Bib-Shorts,Bib-Shorts,Clothing,18,3
857,SB-M891-L,"Men's Bib-Shorts, L",Men's Bib-Shorts,Bib-Shorts,Clothing,18,3
858,GL-H102-S,"Half-Finger Gloves, S",Half-Finger Gloves,Gloves,Clothing,20,3
859,GL-H102-M,"Half-Finger Gloves, M",Half-Finger Gloves,Gloves,Clothing,20,3
860,GL-H102-L,"Half-Finger Gloves, L",Half-Finger Gloves,Gloves,Clothing,20,3
861,GL-F110-S,"Full-Finger Gloves, S",Full-Finger Gloves,Gloves,Clothing,20,3
862,GL-F110-M,"Full-Finger Gloves, M",Full-Finger Gloves,Gloves,Clothing,20,3
863,GL-F110-L,"Full-Finger Gloves, L",Full-Finger Gloves,Gloves,Clothing,20,3
864,VE-C304-S,"Classic Vest, S",Classic Vest,Vests,Clothing,25,3
865,VE-C304-M,"Classic Vest, M",Classic Vest,Vests,Clothing,25,3
866,VE-C304-L,"Classic Vest, L",Classic Vest,Vests,Clothing,25,3
867,SH-W890-S,"Women's Mountain Shorts, S",Women's Mountain Shorts,Shorts,Clothing,22,3
868,SH-W890-M,"Women's Mountain Shorts, M",Women's Mountain Shorts,Shorts,Clothing,22,3
869,SH-W890-L,"Women's Mountain Shorts, L",Women's Mountain Shorts,Shorts,Clothing,22,3
870,WB-H098,Water Bottle - 30 oz.,Water Bottle,Bottles and Cages,Accessories,28,4
871,BC-M005,Mountain Bottle Cage,Mountain Bottle Cage,Bottles and Cages,Accessories,28,4
872,BC-R205,Road Bottle Cage,Road Bottle Cage,Bottles and Cages,Accessories,28,4
873,PK-7098,Patch Kit/8 Patches,Patch kit,Tires and Tubes,Accessories,37,4
874,SO-R809-M,"Racing Socks, M",Racing Socks,Socks,Clothing,23,3
875,SO-R809-L,"Racing Socks, L",Racing Socks,Socks,Clothing,23,3
876,RA-H123,Hitch Rack - 4-Bike,Hitch Rack - 4-Bike,Bike Racks,Accessories,26,4
877,CL-9009,Bike Wash - Dissolver,Bike Wash,Cleaners,Accessories,29,4
878,FE-6654,Fender Set - Mountain,Fender Set - Mountain,Fenders,Accessories,30,4
879,ST-1401,All-Purpose Bike Stand,All-Purpose Bike Stand,Bike Stands,Accessories,27,4
880,HY-1023-70,Hydration Pack - 70 oz.,Hydration Pack,Hydration Packs,Accessories,32,4
881,SJ-0194-S,"Short-Sleeve Classic Jersey, S",Short-Sleeve Classic Jersey,Jerseys,Clothing,21,3
882,SJ-0194-M,"Short-Sleeve Classic Jersey, M",Short-Sleeve Classic Jersey,Jerseys,Clothing,21,3
883,SJ-0194-L,"Short-Sleeve Classic Jersey, L",Short-Sleeve Classic Jersey,Jerseys,Clothing,21,3
884,SJ-0194-X,"Short-Sleeve Classic Jersey, XL",Short-Sleeve Classic Jersey,Jerseys,Clothing,21,3
885,FR-T98Y-60,"HL Touring Frame - Yellow, 60",HL Touring Frame,Touring Frames,Components,16,2
886,FR-T67Y-62,"LL Touring Frame - Yellow, 62",LL Touring Frame,Touring Frames,Components,16,2
887,FR-T98Y-46,"HL Touring Frame - Yellow, 46",HL Touring Frame,Touring Frames,Components,16,2
888,FR-T98Y-50,"HL Touring Frame - Yellow, 50",HL Touring Frame,Touring Frames,Components,16,2
889,FR-T98Y-54,"HL Touring Frame - Yellow, 54",HL Touring Frame,Touring Frames,Components,16,2
890,FR-T98U-46,"HL Touring Frame - Blue, 46",HL Touring Frame,Touring Frames,Components,16,2
891,FR-T98U-50,"HL Touring Frame - Blue, 50",HL Touring Frame,Touring Frames,Components,16,2
892,FR-T98U-54,"HL Touring Frame - Blue, 54",HL Touring Frame,Touring Frames,Components,16,2
893,FR-T98U-60,"HL Touring Frame - Blue, 60",HL Touring Frame,Touring Frames,Components,16,2
894,RD-2308,Rear Derailleur,Rear Derailleur,Derailleurs,Components,9,2
895,FR-T67U-50,"LL Touring Frame - Blue, 50",LL Touring Frame,Touring Frames,Components,16,2
896,FR-T67U-54,"LL Touring Frame - Blue, 54",LL Touring Frame,Touring Frames,Components,16,2
897,FR-T67U-58,"LL Touring Frame - Blue, 58",LL Touring Frame,Touring Frames,Components,16,2
898,FR-T67U-62,"LL Touring Frame - Blue, 62",LL Touring Frame,Touring Frames,Components,16,2
899,FR-T67Y-44,"LL Touring Frame - Yellow, 44",LL Touring Frame,Touring Frames,Components,16,2
900,FR-T67Y-50,"LL Touring Frame - Yellow, 50",LL Touring Frame,Touring Frames,Components,16,2
901,FR-T67Y-54,"LL Touring Frame - Yellow, 54",LL Touring Frame,Touring Frames,Components,16,2
902,FR-T67Y-58,"LL Touring Frame - Yellow, 58",LL Touring Frame,Touring Frames,Components,16,2
903,FR-T67U-44,"LL Touring Frame - Blue, 44",LL Touring Frame,Touring Frames,Components,16,2
904,FR-M63S-40,"ML Mountain Frame-W - Silver, 40",ML Mountain Frame-W,Mountain Frames,Components,12,2
905,FR-M63S-42,"ML Mountain Frame-W - Silver, 42",ML Mountain Frame-W,Mountain Frames,Components,12,2
906,FR-M63S-46,"ML Mountain Frame-W - Silver, 46",ML Mountain Frame-W,Mountain Frames,Components,12,2
907,RB-9231,Rear Brakes,Rear Brakes,Brakes,Components,6,2
908,SE-M236,LL Mountain Seat/Saddle,LL Mountain Seat/Saddle 2,Saddles,Components,15,2
909,SE-M798,ML Mountain Seat/Saddle,ML Mountain Seat/Saddle 2,Saddles,Components,15,2
910,SE-M940,HL Mountain Seat/Saddle,HL Mountain Seat/Saddle 2,Saddles,Components,15,2
911,SE-R581,LL Road Seat/Saddle,LL Road Seat/Saddle 1,Saddles,Components,15,2
912,SE-R908,ML Road Seat/Saddle,ML Road Seat/Saddle 2,Saddles,Components,15,2
913,SE-R995,HL Road Seat/Saddle,HL Road Seat/Saddle 2,Saddles,Components,15,2
914,SE-T312,LL Touring Seat/Saddle,LL Touring Seat/Saddle,Saddles,Components,15,2
915,SE-T762,ML Touring Seat/Saddle,ML Touring Seat/Saddle,Saddles,Components,15,2
916,SE-T924,HL Touring Seat/Saddle,HL Touring Seat/Saddle,Saddles,Components,15,2
917,FR-M21S-42,"LL Mountain Frame - Silver, 42",LL Mountain Frame,Mountain Frames,Components,12,2
918,FR-M21S-44,"LL Mountain Frame - Silver, 44",LL Mountain Frame,Mountain Frames,Components,12,2
919,FR-M21S-48,"LL Mountain Frame - Silver, 48",LL Mountain Frame,Mountain Frames,Components,12,2
920,FR-M21S-52,"LL Mountain Frame - Silver, 52",LL Mountain Frame,Mountain Frames,Components,12,2
921,TT-M928,Mountain Tire Tube,Mountain Tire Tube,Tires and Tubes,Accessories,37,4
922,TT-R982,Road Tire Tube,Road Tire Tube,Tires and Tubes,Accessories,37,4
923,TT-T092,Touring Tire Tube,Touring Tire Tube,Tires and Tubes,Accessories,37,4
924,FR-M21B-42,"LL Mountain Frame - Black, 42",LL Mountain Frame,Mountain Frames,Components,12,2
925,FR-M21B-44,"LL Mountain Frame - Black, 44",LL Mountain Frame,Mountain Frames,Components,12,2
926,FR-M21B-48,"LL Mountain Frame - Black, 48",LL Mountain Frame,Mountain Frames,Components,12,2
927,FR-M21B-52,"LL Mountain Frame - Black, 52",LL Mountain Frame,Mountain Frames,Components,12,2
928,TI-M267,LL Mountain Tire,LL Mountain Tire,Tires and Tubes,Accessories,37,4
929,TI-M602,ML Mountain Tire,ML Mountain Tire,Tires and Tubes,Accessories,37,4
930,TI-M823,HL Mountain Tire,HL Mountain Tire,Tires and Tubes,Accessories,37,4
931,TI-R092,LL Road Tire,LL Road Tire,Tires and Tubes,Accessories,37,4
932,TI-R628,ML Road Tire,ML Road Tire,Tires and Tubes,Accessories,37,4
933,TI-R982,HL Road Tire,HL Road Tire,Tires and Tubes,Accessories,37,4
934,TI-T723,Touring Tire,Touring Tire,Tires and Tubes,Accessories,37,4
935,PD-M282,LL Mountain Pedal,LL Mountain Pedal,Pedals,Components,13,2
936,PD-M340,ML Mountain Pedal,ML Mountain Pedal,Pedals,Components,13,2
937,PD-M562,HL Mountain Pedal,HL Mountain Pedal,Pedals,Components,13,2
938,PD-R347,LL Road Pedal,LL Road Pedal,Pedals,Components,13,2
939,PD-R563,ML Road Pedal,ML Road Pedal,Pedals,Components,13,2
940,PD-R853,HL Road Pedal,HL Road Pedal,Pedals,Components,13,2
941,PD-T852,Touring Pedal,Touring Pedal,Pedals,Components,13,2
942,FR-M63S-38,"ML Mountain Frame-W - Silver, 38",ML Mountain Frame-W,Mountain Frames,Components,12,2
943,FR-M21B-40,"LL Mountain Frame - Black, 40",LL Mountain Frame,Mountain Frames,Components,12,2
944,FR-M21S-40,"LL Mountain Frame - Silver, 40",LL Mountain Frame,Mountain Frames,Components,12,2
945,FD-2342,Front Derailleur,Front Derailleur,Derailleurs,Components,9,2
946,HB-T721,LL Touring Handlebars,LL Touring Handlebars,Handlebars,Components,4,2
947,HB-T928,HL Touring Handlebars,HL Touring Handlebars,Handlebars,Components,4,2
948,FB-9873,Front Brakes,Front Brakes,Brakes,Components,6,2
949,CS-4759,LL Crankset,LL Crankset,Cranksets,Components,8,2
950,CS-6583,ML Crankset,ML Crankset,Cranksets,Components,8,2
951,CS-9183,HL Crankset,HL Crankset,Cranksets,Components,8,2
952,CH-0234,Chain,Chain,Chains,Components,7,2
953,BK-T44U-60,"Touring-2000 Blue, 60",Touring-2000,Touring Bikes,Bikes,3,1
954,BK-T79Y-46,"Touring-1000 Yellow, 46",Touring-1000,Touring Bikes,Bikes,3,1
955,BK-T79Y-50,"Touring-1000 Yellow, 50",Touring-1000,Touring Bikes,Bikes,3,1
956,BK-T79Y-54,"Touring-1000 Yellow, 54",Touring-1000,Touring Bikes,Bikes,3,1
957,BK-T79Y-60,"Touring-1000 Yellow, 60",Touring-1000,Touring Bikes,Bikes,3,1
958,BK-T18U-54,"Touring-3000 Blue, 54",Touring-3000,Touring Bikes,Bikes,3,1
959,BK-T18U-58,"Touring-3000 Blue, 58",Touring-3000,Touring Bikes,Bikes,3,1
960,BK-T18U-62,"Touring-3000 Blue, 62",Touring-3000,Touring Bikes,Bikes,3,1
961,BK-T18Y-44,"Touring-3000 Yellow, 44",Touring-3000,Touring Bikes,Bikes,3,1
962,BK-T18Y-50,"Touring-3000 Yellow, 50",Touring-3000,Touring Bikes,Bikes,3,1
963,BK-T18Y-54,"Touring-3000 Yellow, 54",Touring-3000,Touring Bikes,Bikes,3,1
964,BK-T18Y-58,"Touring-3000 Yellow, 58",Touring-3000,Touring Bikes,Bikes,3,1
965,BK-T18Y-62,"Touring-3000 Yellow, 62",Touring-3000,Touring Bikes,Bikes,3,1
966,BK-T79U-46,"Touring-1000 Blue, 46",Touring-1000,Touring Bikes,Bikes,3,1
967,BK-T79U-50,"Touring-1000 Blue, 50",Touring-1000,Touring Bikes,Bikes,3,1
968,BK-T79U-54,"Touring-1000 Blue, 54",Touring-1000,Touring Bikes,Bikes,3,1
969,BK-T79U-60,"Touring-1000 Blue, 60",Touring-1000,Touring Bikes,Bikes,3,1
970,BK-T44U-46,"Touring-2000 Blue, 46",Touring-2000,Touring Bikes,Bikes,3,1
971,BK-T44U-50,"Touring-2000 Blue, 50",Touring-2000,Touring Bikes,Bikes,3,1
972,BK-T44U-54,"Touring-2000 Blue, 54",Touring-2000,Touring Bikes,Bikes,3,1
973,BK-R79Y-40,"Road-350-W Yellow, 40",Road-350-W,Road Bikes,Bikes,2,1
974,BK-R79Y-42,"Road-350-W Yellow, 42",Road-350-W,Road Bikes,Bikes,2,1
975,BK-R79Y-44,"Road-350-W Yellow, 44",Road-350-W,Road Bikes,Bikes,2,1
976,BK-R79Y-48,"Road-350-W Yellow, 48",Road-350-W,Road Bikes,Bikes,2,1
977,BK-R19B-58,"Road-750 Black, 58",Road-750,Road Bikes,Bikes,2,1
978,BK-T18U-44,"Touring-3000 Blue, 44",Touring-3000,Touring Bikes,Bikes,3,1
979,BK-T18U-50,"Touring-3000 Blue, 50",Touring-3000,Touring Bikes,Bikes,3,1
980,BK-M38S-38,"Mountain-400-W Silver, 38",Mountain-400-W,Mountain Bikes,Bikes,1,1
981,BK-M38S-40,"Mountain-400-W Silver, 40",Mountain-400-W,Mountain Bikes,Bikes,1,1
982,BK-M38S-42,"Mountain-400-W Silver, 42",Mountain-400-W,Mountain Bikes,Bikes,1,1
983,BK-M38S-46,"Mountain-400-W Silver, 46",Mountain-400-W,Mountain Bikes,Bikes,1,1
984,BK-M18S-40,"Mountain-500 Silver, 40",Mountain-500,Mountain Bikes,Bikes,1,1
985,BK-M18S-42,"Mountain-500 Silver, 42",Mountain-500,Mountain Bikes,Bikes,1,1
986,BK-M18S-44,"Mountain-500 Silver, 44",Mountain-500,Mountain Bikes,Bikes,1,1
987,BK-M18S-48,"Mountain-500 Silver, 48",Mountain-500,Mountain Bikes,Bikes,1,1
988,BK-M18S-52,"Mountain-500 Silver, 52",Mountain-500,Mountain Bikes,Bikes,1,1
989,BK-M18B-40,"Mountain-500 Black, 40",Mountain-500,Mountain Bikes,Bikes,1,1
990,BK-M18B-42,"Mountain-500 Black, 42",Mountain-500,Mountain Bikes,Bikes,1,1
991,BK-M18B-44,"Mountain-500 Black, 44",Mountain-500,Mountain Bikes,Bikes,1,1
992,BK-M18B-48,"Mountain-500 Black, 48",Mountain-500,Mountain Bikes,Bikes,1,1
993,BK-M18B-52,"Mountain-500 Black, 52",Mountain-500,Mountain Bikes,Bikes,1,1
994,BB-7421,LL Bottom Bracket,LL Bottom Bracket,Bottom Brackets,Components,5,2
995,BB-8107,ML Bottom Bracket,ML Bottom Bracket,Bottom Brackets,Components,5,2
996,BB-9108,HL Bottom Bracket,HL Bottom Bracket,Bottom Brackets,Components,5,2
997,BK-R19B-44,"Road-750 Black, 44",Road-750,Road Bikes,Bikes,2,1
998,BK-R19B-48,"Road-750 Black, 48",Road-750,Road Bikes,Bikes,2,1
999,BK-R19B-52,"Road-750 Black, 52",Road-750,Road Bikes,Bikes,2,1
